senior_ds_id,neuroticism,extraversion,openness,agreeableness,conscientiousness,success_target,emotional_stability,leadership_orientation,innovation_orientation,client_facing_index
8120,33,34,39,45,51,1,67.0,42.5,45.0,43.3
8951,50,36,31,59,39,0,50.0,37.5,35.0,44.7
8656,38,35,42,39,49,1,62.0,42.0,45.5,41.0
8796,41,26,30,40,19,0,59.0,22.5,24.5,28.3
8470,20,17,21,31,26,0,80.0,21.5,23.5,24.7
8063,50,33,21,47,27,0,50.0,30.0,24.0,35.7
8778,26,54,49,48,60,1,74.0,57.0,54.5,54.0
8072,33,40,28,24,43,0,67.0,41.5,35.5,35.7
8360,31,38,49,43,56,1,69.0,47.0,52.5,45.7
8001,58,27,64,42,28,0,42.0,27.5,46.0,32.3
8422,21,60,46,46,57,1,79.0,58.5,51.5,54.3
8303,47,22,32,42,57,0,53.0,39.5,44.5,40.3
8596,33,50,40,43,55,1,67.0,52.5,47.5,49.3
8979,31,56,53,52,64,1,69.0,60.0,58.5,57.3
8233,40,48,46,50,49,1,60.0,48.5,47.5,49.0
8733,27,60,38,45,40,0,73.0,50.0,39.0,48.3
8198,31,43,42,59,31,0,69.0,37.0,36.5,44.3
8083,44,36,49,40,50,1,56.0,43.0,49.5,42.0
8168,27,48,50,50,55,1,73.0,51.5,52.5,51.0
8159,23,46,51,54,52,1,77.0,49.0,51.5,50.7
8776,25,58,34,45,18,0,75.0,38.0,26.0,40.3
8128,35,54,28,42,23,0,65.0,38.5,25.5,39.7
8028,24,22,26,57,34,0,76.0,28.0,30.0,37.7
8897,33,40,44,39,44,0,67.0,42.0,44.0,41.0
8196,39,53,58,49,58,1,61.0,55.5,58.0,53.3
8051,35,49,53,49,59,1,65.0,54.0,56.0,52.3
8444,18,29,28,37,20,0,82.0,24.5,24.0,28.7
8610,40,34,38,46,26,0,60.0,30.0,32.0,35.3
8959,46,45,42,22,35,0,54.0,40.0,38.5,34.0
8225,44,43,49,46,52,1,56.0,47.5,50.5,47.0
8484,46,30,25,37,51,0,54.0,40.5,38.0,39.3
8228,26,32,37,44,35,0,74.0,33.5,36.0,37.0
8881,50,59,53,20,25,0,50.0,42.0,39.0,34.7
8104,61,17,41,59,25,0,39.0,21.0,33.0,33.7
8312,60,21,31,33,25,0,40.0,23.0,28.0,26.3
8065,17,26,34,30,44,0,83.0,35.0,39.0,33.3
8799,56,53,25,43,44,0,44.0,48.5,34.5,46.7
8667,38,34,24,20,29,0,62.0,31.5,26.5,27.7
8648,29,41,44,43,24,0,71.0,32.5,34.0,36.0
8605,47,50,47,60,58,1,53.0,54.0,52.5,56.0
8611,39,49,47,48,52,1,61.0,50.5,49.5,49.7
8898,31,31,24,23,44,0,69.0,37.5,34.0,32.7
8351,27,25,24,53,45,0,73.0,35.0,34.5,41.0
8623,33,31,30,46,63,0,67.0,47.0,46.5,46.7
8308,22,46,44,60,42,0,78.0,44.0,43.0,49.3
8745,34,54,53,54,40,1,66.0,47.0,46.5,49.3
8009,35,46,46,47,56,1,65.0,51.0,51.0,49.7
8863,23,62,55,49,64,1,77.0,63.0,59.5,58.3
8734,33,50,46,48,53,1,67.0,51.5,49.5,50.3
8880,46,53,58,38,56,1,54.0,54.5,57.0,49.0
8565,37,50,52,46,54,1,63.0,52.0,53.0,50.0
8069,52,41,43,46,49,1,48.0,45.0,46.0,45.3
8640,27,51,57,53,49,1,73.0,50.0,53.0,51.0
8819,39,60,50,47,63,1,61.0,61.5,56.5,56.7
8884,27,42,20,37,33,0,73.0,37.5,26.5,37.3
8489,28,51,53,56,60,1,72.0,55.5,56.5,55.7
8212,35,54,44,50,57,1,65.0,55.5,50.5,53.7
8905,34,28,24,22,42,0,66.0,35.0,33.0,30.7
8228,44,28,44,61,27,0,56.0,27.5,35.5,38.7
8308,37,50,53,41,51,1,63.0,50.5,52.0,47.3
8278,25,57,45,42,50,1,75.0,53.5,47.5,49.7
8756,23,65,50,26,54,0,77.0,59.5,52.0,48.3
8189,21,44,38,32,46,0,79.0,45.0,42.0,40.7
8546,30,21,40,62,24,0,70.0,22.5,32.0,35.7
8412,44,61,39,26,29,0,56.0,45.0,34.0,38.7
8086,27,37,55,55,45,0,73.0,41.0,50.0,45.7
8736,27,55,45,45,58,1,73.0,56.5,51.5,52.7
8612,38,44,47,41,51,1,62.0,47.5,49.0,45.3
8131,27,61,54,49,66,1,73.0,63.5,60.0,58.7
8317,44,47,46,46,40,1,56.0,43.5,43.0,44.3
8342,41,38,48,49,49,1,59.0,43.5,48.5,45.3
8516,29,56,42,49,61,1,71.0,58.5,51.5,55.3
8868,60,37,40,42,56,1,40.0,46.5,48.0,45.0
8341,35,51,52,45,54,1,65.0,52.5,53.0,50.0
8676,41,36,53,43,50,1,59.0,43.0,51.5,43.0
8445,42,55,39,55,58,1,58.0,56.5,48.5,56.0
8657,29,62,48,49,55,1,71.0,58.5,51.5,55.3
8572,28,32,24,51,51,0,72.0,41.5,37.5,44.7
8679,30,54,47,58,57,1,70.0,55.5,52.0,56.3
8859,31,41,27,58,41,0,69.0,41.0,34.0,46.7
8628,36,22,19,62,62,0,64.0,42.0,40.5,48.7
8712,40,54,44,49,62,1,60.0,58.0,53.0,55.0
8972,47,48,65,44,46,1,53.0,47.0,55.5,46.0
8092,65,31,27,29,29,0,35.0,30.0,28.0,29.7
8301,35,42,34,29,50,0,65.0,46.0,42.0,40.3
8209,25,17,43,31,24,0,75.0,20.5,33.5,24.0
8198,41,39,48,46,59,1,59.0,49.0,53.5,48.0
8789,27,36,35,46,43,0,73.0,39.5,39.0,41.7
8498,66,45,49,24,24,0,34.0,34.5,36.5,31.0
8708,35,45,47,56,62,1,65.0,53.5,54.5,54.3
8230,34,45,44,46,49,1,66.0,47.0,46.5,46.7
8956,19,46,25,64,22,0,81.0,34.0,23.5,44.0
8540,46,47,45,43,52,1,54.0,49.5,48.5,47.3
8112,32,59,48,49,57,1,68.0,58.0,52.5,55.0
8694,45,51,39,56,53,1,55.0,52.0,46.0,53.3
8064,20,39,19,25,24,0,80.0,31.5,21.5,29.3
8656,36,46,45,44,54,1,64.0,50.0,49.5,48.0
8800,32,50,49,45,53,1,68.0,51.5,51.0,49.3
8919,26,51,49,48,59,1,74.0,55.0,54.0,52.7
8585,41,23,21,27,61,0,59.0,42.0,41.0,37.0
8769,26,26,19,34,35,0,74.0,30.5,27.0,31.7
8631,28,33,45,30,21,0,72.0,27.0,33.0,28.0
8161,47,43,47,51,43,1,53.0,43.0,45.0,45.7
8508,40,22,22,20,29,0,60.0,25.5,25.5,23.7
8239,24,40,23,64,21,0,76.0,30.5,22.0,41.7
8288,54,25,48,34,21,0,46.0,23.0,34.5,26.7
8396,28,56,44,49,59,1,72.0,57.5,51.5,54.7
8887,23,24,39,37,64,0,77.0,44.0,51.5,41.7
8150,26,52,29,54,30,0,74.0,41.0,29.5,45.3
8309,56,42,43,50,38,1,44.0,40.0,40.5,43.3
8190,34,50,56,39,49,1,66.0,49.5,52.5,46.0
8355,29,51,49,49,57,1,71.0,54.0,53.0,52.3
8933,44,53,44,30,24,0,56.0,38.5,34.0,35.7
8598,36,36,55,47,46,1,64.0,41.0,50.5,43.0
8511,52,40,27,63,45,0,48.0,42.5,36.0,49.3
8417,44,29,20,50,26,0,56.0,27.5,23.0,35.0
8301,30,56,41,48,52,1,70.0,54.0,46.5,52.0
8725,34,35,50,45,59,1,66.0,47.0,54.5,46.3
8357,40,21,61,32,54,0,60.0,37.5,57.5,35.7
8567,21,44,28,27,23,0,79.0,33.5,25.5,31.3
8333,54,39,43,38,50,1,46.0,44.5,46.5,42.3
8089,23,48,47,58,61,1,77.0,54.5,54.0,55.7
8173,31,50,43,44,55,1,69.0,52.5,49.0,49.7
8520,50,25,48,17,23,0,50.0,24.0,35.5,21.7
8418,62,37,45,43,39,1,38.0,38.0,42.0,39.7
8722,57,31,51,41,42,1,43.0,36.5,46.5,38.0
8591,32,59,58,51,60,1,68.0,59.5,59.0,56.7
8380,49,45,40,50,58,1,51.0,51.5,49.0,51.0
8835,40,26,31,36,43,0,60.0,34.5,37.0,35.0
8011,42,45,44,46,54,1,58.0,49.5,49.0,48.3
8192,23,47,45,62,38,0,77.0,42.5,41.5,49.0
8558,27,46,24,64,25,0,73.0,35.5,24.5,45.0
8887,34,47,49,52,53,1,66.0,50.0,51.0,50.7
8065,36,47,54,52,51,1,64.0,49.0,52.5,50.0
8609,37,22,33,38,35,0,63.0,28.5,34.0,31.7
8121,42,61,30,53,51,0,58.0,56.0,40.5,55.0
8521,19,57,46,52,57,1,81.0,57.0,51.5,55.3
8303,39,46,47,50,50,1,61.0,48.0,48.5,48.7
8764,44,46,43,39,52,1,56.0,49.0,47.5,45.7
8865,23,62,28,64,62,0,77.0,62.0,45.0,62.7
8372,28,65,18,64,23,0,72.0,44.0,20.5,50.7
8684,33,55,43,55,65,1,67.0,60.0,54.0,58.3
8862,33,42,41,50,47,1,67.0,44.5,44.0,46.3
8638,68,43,36,26,44,0,32.0,43.5,40.0,37.7
8743,40,53,55,41,51,1,60.0,52.0,53.0,48.3
8447,20,60,61,60,60,1,80.0,60.0,60.5,60.0
8543,32,24,42,24,28,0,68.0,26.0,35.0,25.3
8076,67,34,25,68,52,0,33.0,43.0,38.5,51.3
8753,27,55,60,51,57,1,73.0,56.0,58.5,54.3
8489,56,20,23,21,24,0,44.0,22.0,23.5,21.7
8261,44,42,42,45,47,1,56.0,44.5,44.5,44.7
8894,38,51,46,48,48,1,62.0,49.5,47.0,49.0
8847,22,53,55,46,62,1,78.0,57.5,58.5,53.7
8281,32,67,31,27,39,0,68.0,53.0,35.0,44.3
8729,41,41,18,66,30,0,59.0,35.5,24.0,45.7
8221,24,64,59,51,56,1,76.0,60.0,57.5,57.0
8427,51,56,50,48,44,1,49.0,50.0,47.0,49.3
8061,27,32,47,46,49,0,73.0,40.5,48.0,42.3
8779,28,54,59,45,53,1,72.0,53.5,56.0,50.7
8090,24,47,32,19,20,0,76.0,33.5,26.0,28.7
8504,36,43,49,46,48,1,64.0,45.5,48.5,45.7
