candidate_id,big_data_skills,maths_stats_skills,coding_skills,ai_ml_skills,storytelling_skills,salary_hike_target,technical_skill_composite,analytical_story_composite,overall_skill_average,skill_variance
2809,3.6,4.0,4.5,4.8,5.0,1,4.3,4.5,4.38,0.58
2231,5.0,3.8,3.3,5.0,4.4,0,4.43,4.1,4.3,0.75
3522,4.1,3.8,4.4,4.2,5.0,1,4.23,4.4,4.3,0.45
3291,4.4,3.0,3.3,4.6,2.3,0,4.1,2.65,3.52,0.97
3424,2.3,2.3,2.6,3.3,3.0,0,2.73,2.65,2.7,0.44
3757,5.0,3.8,2.6,4.9,2.9,0,4.17,3.35,3.84,1.11
2544,3.0,5.0,5.0,5.0,5.0,1,4.33,5.0,4.6,0.89
3482,3.8,4.4,3.4,3.0,4.8,0,3.4,4.6,3.88,0.73
3702,3.5,4.4,5.0,4.6,5.0,1,4.37,4.7,4.5,0.62
3312,5.0,3.1,5.0,4.8,3.2,0,4.93,3.15,4.22,0.98
3944,2.4,5.0,5.0,5.0,5.0,1,4.13,5.0,4.48,1.16
2668,4.9,2.7,3.8,4.6,5.0,0,4.43,3.85,4.2,0.96
2386,3.8,5.0,4.6,4.7,5.0,1,4.37,5.0,4.62,0.49
2622,3.6,5.0,5.0,5.0,5.0,1,4.53,5.0,4.72,0.63
3398,4.5,5.0,5.0,5.0,5.0,1,4.83,5.0,4.9,0.22
3043,2.9,5.0,4.4,5.0,4.4,0,4.1,4.7,4.34,0.86
2292,3.7,4.8,4.6,5.0,3.3,0,4.43,4.05,4.28,0.74
3101,5.0,3.9,5.0,4.2,5.0,1,4.73,4.45,4.62,0.53
3861,3.1,5.0,5.0,5.0,5.0,1,4.37,5.0,4.62,0.85
2381,2.8,4.9,5.0,5.0,5.0,1,4.27,4.95,4.54,0.97
3176,2.9,5.0,3.9,5.0,2.3,0,3.93,3.65,3.82,1.22
3060,3.8,5.0,3.2,4.6,2.5,0,3.87,3.75,3.82,1.02
2518,2.9,2.5,3.2,5.0,3.9,0,3.7,3.2,3.5,0.98
3876,3.5,4.5,4.6,4.4,4.6,0,4.17,4.55,4.32,0.47
2511,4.3,5.0,5.0,5.0,5.0,1,4.77,5.0,4.86,0.31
2180,4.0,5.0,5.0,5.0,5.0,1,4.67,5.0,4.8,0.45
3819,2.4,3.4,3.1,4.3,2.5,0,3.27,2.95,3.14,0.77
3788,4.4,4.0,4.1,4.9,2.9,0,4.47,3.45,4.06,0.74
3608,5.0,5.0,4.6,2.8,3.7,0,4.13,4.35,4.22,0.95
3291,4.8,4.5,5.0,4.8,5.0,1,4.87,4.75,4.82,0.2
2845,5.0,3.5,3.1,4.3,5.0,0,4.13,4.25,4.18,0.86
3400,3.1,3.8,4.1,4.9,3.8,0,4.03,3.8,3.94,0.65
2963,3.6,4.0,4.5,4.8,5.0,0,4.3,4.5,4.38,0.58
2627,5.0,3.8,3.3,5.0,4.4,0,4.43,4.1,4.3,0.75
3742,4.1,3.8,4.4,4.2,5.0,0,4.23,4.4,4.3,0.45
2651,4.4,3.0,3.3,4.6,2.3,0,4.1,2.65,3.52,0.97
2931,2.3,2.3,2.6,3.3,3.0,0,2.73,2.65,2.7,0.44
2132,5.0,3.8,2.6,4.9,2.9,0,4.17,3.35,3.84,1.11
3287,3.0,5.0,5.0,5.0,5.0,0,4.33,5.0,4.6,0.89
2530,3.8,4.4,3.4,3.0,4.8,1,3.4,4.6,3.88,0.73
2812,3.5,4.4,5.0,4.6,5.0,1,4.37,4.7,4.5,0.62
3781,5.0,3.1,5.0,4.8,3.2,0,4.93,3.15,4.22,0.98
3160,2.4,5.0,5.0,5.0,5.0,0,4.13,5.0,4.48,1.16
2189,4.9,2.7,3.8,4.6,5.0,0,4.43,3.85,4.2,0.96
2088,3.8,5.0,4.6,4.7,5.0,0,4.37,5.0,4.62,0.49
2261,3.6,5.0,5.0,5.0,5.0,1,4.53,5.0,4.72,0.63
3418,4.5,5.0,5.0,5.0,5.0,1,4.83,5.0,4.9,0.22
3530,2.9,5.0,4.4,5.0,4.4,1,4.1,4.7,4.34,0.86
2711,3.7,4.8,4.6,5.0,3.3,1,4.43,4.05,4.28,0.74
2355,5.0,3.9,5.0,4.2,5.0,1,4.73,4.45,4.62,0.53
3150,3.1,5.0,5.0,5.0,5.0,1,4.37,5.0,4.62,0.85
2171,2.8,4.9,5.0,5.0,5.0,1,4.27,4.95,4.54,0.97
3408,2.9,5.0,3.9,5.0,2.3,1,3.93,3.65,3.82,1.22
3407,3.8,5.0,3.2,4.6,2.5,1,3.87,3.75,3.82,1.02
2681,2.9,2.5,3.2,5.0,3.9,0,3.7,3.2,3.5,0.98
2136,3.5,4.5,4.6,4.4,4.6,1,4.17,4.55,4.32,0.47
2053,4.3,5.0,5.0,5.0,5.0,1,4.77,5.0,4.86,0.31
2529,4.0,5.0,5.0,5.0,5.0,0,4.67,5.0,4.8,0.45
2223,2.4,3.4,3.1,4.3,2.5,0,3.27,2.95,3.14,0.77
3807,4.2,5.0,5.0,4.5,5.0,1,4.57,5.0,4.74,0.37
4000,3.1,5.0,4.9,4.6,5.0,1,4.2,5.0,4.52,0.81
2620,2.6,5.0,5.0,3.0,5.0,0,3.53,5.0,4.12,1.21
2962,2.3,4.6,4.3,3.8,5.0,0,3.47,4.8,4.0,1.05
2212,3.5,2.4,4.6,5.0,2.9,0,4.37,2.65,3.68,1.1
3326,4.8,5.0,4.4,2.9,3.5,0,4.03,4.25,4.12,0.89
3768,3.1,4.1,5.0,5.0,5.0,0,4.37,4.55,4.44,0.84
2635,3.3,5.0,5.0,5.0,5.0,1,4.43,5.0,4.66,0.76
3695,4.0,4.6,5.0,4.7,5.0,1,4.57,4.8,4.66,0.41
2275,3.0,5.0,5.0,5.0,5.0,1,4.33,5.0,4.6,0.89
3504,4.8,4.9,4.9,4.8,4.2,1,4.83,4.55,4.72,0.29
2536,4.5,4.1,5.0,5.0,5.0,1,4.83,4.55,4.72,0.41
2906,3.3,5.0,4.8,5.0,5.0,1,4.37,5.0,4.62,0.74
2759,5.0,4.2,4.4,4.7,5.0,1,4.7,4.6,4.66,0.36
2045,4.1,5.0,5.0,5.0,5.0,1,4.7,5.0,4.82,0.4
2161,4.6,3.9,5.0,4.6,5.0,1,4.73,4.45,4.62,0.45
3032,4.6,5.0,4.5,5.0,5.0,1,4.7,5.0,4.82,0.25
3679,3.1,5.0,5.0,5.0,5.0,1,4.37,5.0,4.62,0.85
3106,3.0,3.5,2.9,5.0,5.0,0,3.63,4.25,3.88,1.05
3281,3.2,5.0,5.0,5.0,5.0,1,4.4,5.0,4.64,0.8
2094,3.4,4.4,3.3,5.0,4.4,0,3.9,4.4,4.1,0.73
2276,3.9,2.7,2.2,5.0,5.0,0,3.7,3.85,3.76,1.29
2966,4.3,5.0,4.7,5.0,5.0,1,4.67,5.0,4.8,0.31
3773,5.0,5.0,5.0,4.8,5.0,1,4.93,5.0,4.96,0.09
3855,5.0,3.5,2.9,3.5,3.1,0,3.8,3.3,3.6,0.82
2405,3.7,4.5,3.9,3.5,5.0,0,3.7,4.75,4.12,0.62
2925,2.8,2.2,2.3,3.6,2.7,0,2.9,2.45,2.72,0.55
2981,4.7,4.5,3.0,5.0,5.0,1,4.23,4.75,4.44,0.83
2991,2.9,3.9,2.9,5.0,4.8,0,3.6,4.35,3.9,1.0
2667,5.0,4.8,5.0,3.0,3.0,0,4.33,3.9,4.16,1.06
3841,4.1,4.9,4.8,5.0,5.0,1,4.63,4.95,4.76,0.38
2310,3.8,5.0,5.0,4.8,5.0,1,4.53,5.0,4.72,0.52
2725,2.5,5.0,3.2,5.0,2.7,0,3.57,3.85,3.68,1.23
2630,5.0,5.0,5.0,4.9,5.0,1,4.97,5.0,4.98,0.04
2487,3.7,5.0,5.0,5.0,5.0,1,4.57,5.0,4.74,0.58
2577,4.9,5.0,5.0,5.0,5.0,1,4.97,5.0,4.98,0.04
3476,2.5,4.3,5.0,3.1,3.0,0,3.53,3.65,3.58,1.03
3440,4.1,5.0,5.0,4.9,5.0,1,4.67,5.0,4.8,0.39
3618,3.5,5.0,4.4,4.8,5.0,1,4.23,5.0,4.54,0.63
3818,3.1,5.0,3.3,5.0,5.0,1,3.8,5.0,4.28,0.99
2941,4.4,2.7,5.0,3.1,5.0,0,4.17,3.85,4.04,1.08
2035,3.0,3.2,5.0,4.0,4.1,0,4.0,3.65,3.86,0.8
2223,3.3,3.8,5.0,3.4,2.5,0,3.9,3.15,3.6,0.91
3910,4.9,4.6,2.3,5.0,4.9,1,4.07,4.75,4.34,1.15
3357,4.5,2.6,2.5,2.2,3.3,0,3.07,2.95,3.02,0.92
2164,2.7,4.4,3.9,5.0,2.3,0,3.87,3.35,3.66,1.14
3464,5.0,2.9,4.6,3.6,2.7,0,4.4,2.8,3.76,1.02
3341,3.3,5.0,5.0,5.0,5.0,1,4.43,5.0,4.66,0.76
3034,2.7,2.9,5.0,3.9,5.0,0,3.87,3.95,3.9,1.1
2946,2.8,5.0,2.5,5.0,3.3,0,3.43,4.15,3.72,1.2
2304,5.0,4.6,2.9,5.0,4.2,1,4.3,4.4,4.34,0.87
3759,3.8,5.0,3.7,4.5,5.0,1,4.0,5.0,4.4,0.63
3385,3.5,5.0,5.0,5.0,5.0,1,4.5,5.0,4.7,0.67
2615,5.0,5.0,5.0,3.4,2.6,0,4.47,3.8,4.2,1.13
2361,4.2,3.8,3.8,5.0,5.0,1,4.33,4.4,4.36,0.61
3405,5.0,4.4,5.0,5.0,5.0,0,5.0,4.7,4.88,0.27
2704,4.6,3.4,4.4,5.0,2.9,0,4.67,3.15,4.06,0.88
3872,3.5,5.0,5.0,5.0,5.0,1,4.5,5.0,4.7,0.67
2168,3.9,4.0,2.3,4.8,5.0,1,3.67,4.5,4.0,1.07
3923,4.3,2.3,3.0,3.5,5.0,0,3.6,3.65,3.62,1.06
3065,2.5,4.9,2.9,3.0,2.9,0,2.8,3.9,3.24,0.95
2127,5.0,4.5,5.0,4.3,5.0,1,4.77,4.75,4.76,0.34
2032,2.9,5.0,4.8,5.0,5.0,1,4.23,5.0,4.54,0.92
2324,3.6,5.0,5.0,5.0,5.0,1,4.53,5.0,4.72,0.63
3330,5.0,2.9,3.2,2.3,2.6,0,3.5,2.75,3.2,1.06
2155,5.0,4.2,5.0,4.5,4.5,1,4.83,4.35,4.64,0.35
2007,5.0,3.6,5.0,4.7,4.6,1,4.9,4.1,4.58,0.58
2354,3.4,5.0,5.0,5.0,5.0,1,4.47,5.0,4.68,0.72
3265,5.0,4.7,5.0,5.0,5.0,1,5.0,4.85,4.94,0.13
3546,4.4,2.8,5.0,3.9,4.6,0,4.43,3.7,4.14,0.85
3774,4.4,5.0,4.4,5.0,5.0,1,4.6,5.0,4.76,0.33
3771,2.6,5.0,3.3,5.0,4.1,0,3.63,4.55,4.0,1.06
3381,3.0,4.9,5.0,5.0,3.1,0,4.33,4.0,4.2,1.05
2084,3.6,5.0,5.0,5.0,5.0,1,4.53,5.0,4.72,0.63
3980,4.0,4.9,5.0,5.0,5.0,1,4.67,4.95,4.78,0.44
2420,4.1,2.8,2.3,4.4,3.9,0,3.6,3.35,3.5,0.9
3164,4.8,5.0,2.5,5.0,5.0,0,4.1,5.0,4.46,1.1
2010,3.6,4.0,3.9,4.8,5.0,1,4.1,4.5,4.26,0.61
2097,5.0,3.8,4.6,5.0,4.4,1,4.87,4.1,4.56,0.5
3497,4.1,3.8,5.0,4.2,5.0,1,4.43,4.4,4.42,0.55
